Name,Email,Phone Number,Age,Gender,Job Sector,Account Manager,Number of Bitcoins,First Purchase Date,Most Recent Purchase Date,Most Recent Purchase Size,Number of Purchases,Broker Manager
Sarah Klein,Sarah.Klein@email123.com,555575712,29,Female,Retail,Alden Collar,1.078736063,4/4/2019,4/4/2019,1.078736063,1,Harvey Lassiter
Kimberly Rodriguez,Kimberly.Rodriguez@email123.com,555228085,38,Female,Retail,Alden Collar,0.0333118,8/8/2018,8/8/2018,0.0333118,1,Harvey Lassiter
Angela Wolfe,Angela.Wolfe@email123.com,555890079,20,Female,Software,Alden Collar,0.144514768,8/23/2020,9/17/2020,0.0160572,9,Harvey Lassiter
Sarah Nicholson,Sarah.Nicholson@email123.com,555167213,21,Female,Retail,Alden Collar,0.18717376,6/2/2018,4/21/2020,0.018717376,3,Harvey Lassiter
Carla Lopez,Carla.Lopez@email123.com,555433737,45,Female,Education,Alden Collar,0.02902691,5/12/2020,1/31/2021,0.009675637,3,Harvey Lassiter
Katherine Smith,Katherine.Smith@email123.com,555603043,23,Female,Education,Alden Collar,0.261425096,2/11/2018,4/3/2020,0.065356274,6,Harvey Lassiter
Amber Mullins,Amber.Mullins@email123.com,555912246,25,Female,Manufacturing,Alden Collar,0.039082531,7/1/2019,2/8/2021,0.01302751,2,Harvey Lassiter
Barbara Anderson,Barbara.Anderson@email123.com,555808563,30,Female,Manufacturing,Alden Collar,0.012325052,10/8/2019,10/8/2019,0.012325052,1,Harvey Lassiter
Brianna Adkins,Brianna.Adkins@email123.com,555279303,31,Female,Retail,Alden Collar,0.79122907,8/30/2019,8/30/2019,0.79122907,1,Harvey Lassiter
Mark Stevens,Mark.Stevens@email123.com,555839733,43,Male,Software,Alden Collar,0.116189977,4/7/2020,5/10/2020,0.01659857,3,Harvey Lassiter
Ian Hale,Ian.Hale@email123.com,555859279,41,Male,Manufacturing,Alden Collar,0.077397829,11/26/2020,1/23/2021,0.011056833,2,Harvey Lassiter
Brandon Fowler,Brandon.Fowler@email123.com,555307374,18,Male,Education,Alden Collar,0.414350888,2/23/2021,3/2/2021,0.082870178,3,Harvey Lassiter
Jose Black,Jose.Black@email123.com,555851890,22,Male,Software,Alden Collar,1.198218415,9/2/2020,11/21/2020,0.171174059,9,Harvey Lassiter
Micheal Aguilar,Micheal.Aguilar@email123.com,555267772,21,Male,Manufacturing,Alden Collar,0.481508887,5/20/2020,8/30/2020,0.060188611,3,Harvey Lassiter
Robert Hughes,Robert.Hughes@email123.com,555578686,47,Male,Business,Alden Collar,1.206903024,2/10/2019,2/10/2019,1.206903024,1,Harvey Lassiter
Joseph Stone,Joseph.Stone@email123.com,555890254,57,Male,Retail,Alden Collar,0.103273654,2/8/2018,5/2/2020,0.017212276,2,Harvey Lassiter
Corey Simmons,Corey.Simmons@email123.com,555331048,24,Male,Retail,Alden Collar,0.185574394,8/8/2020,12/5/2020,0.020619377,3,Harvey Lassiter
James Clark,James.Clark@email123.com,555547437,19,Male,Business,Alden Collar,0.077223706,1/8/2019,10/13/2020,0.008580412,3,Harvey Lassiter
Larry Williams,Larry.Williams@email123.com,555618757,48,Male,Retail,Alden Collar,0.245648367,6/30/2019,10/31/2020,0.049129673,3,Harvey Lassiter
Barry Baker,Barry.Baker@email123.com,555285667,27,Male,Manufacturing,Alden Collar,0.51511881,1/23/2021,1/23/2021,0.51511881,1,Harvey Lassiter
Robert Jones,Robert.Jones@email123.com,555195663,62,Male,Software,Alden Collar,0.036884,9/15/2019,4/1/2020,0.012294667,9,Harvey Lassiter
Christopher Jones,Christopher.Jones@email123.com,555434415,55,Male,Software,Alden Collar,0.041361609,4/23/2020,7/1/2020,0.005908801,9,Harvey Lassiter
Joe Mccoy,Joe.Mccoy@email123.com,555989058,18,Male,Software,Alden Collar,0.178359677,2/8/2018,7/25/2018,0.019817742,7,Harvey Lassiter
John Collins,John.Collins@email123.com,555865586,28,Male,Business,Alden Collar,0.197729829,3/23/2018,3/16/2019,0.065909943,6,Harvey Lassiter
Edward Parrish,Edward.Parrish@email123.com,555253730,41,Male,Education,Alden Collar,0.257251274,9/6/2020,1/7/2021,0.128625637,2,Harvey Lassiter
James Miller,James.Miller@email123.com,555978342,30,Male,Software,Alden Collar,0.402482891,12/18/2020,1/4/2021,0.080496578,10,Harvey Lassiter
Derek Compton,Derek.Compton@email123.com,555633914,23,Male,Manufacturing,Alden Collar,0.344605953,6/29/2019,6/29/2019,0.34460595,1,Harvey Lassiter
Julie Nunez,Julie.Nunez@email123.com,555917931,55,Female,Business,Bobby Rubbert,0.085526022,4/19/2020,1/11/2021,0.010690753,4,Harvey Lassiter
Janet Edwards,Janet.Edwards@email123.com,555765213,62,Female,Software,Bobby Rubbert,0.22844769,4/20/2019,4/9/2020,0.057111923,5,Harvey Lassiter
Heidi Clayton,Heidi.Clayton@email123.com,555911216,37,Female,Business,Bobby Rubbert,0.040325023,1/28/2019,7/18/2020,0.008065005,2,Harvey Lassiter
Tamara Johnson,Tamara.Johnson@email123.com,555470313,64,Female,Retail,Bobby Rubbert,0.013714499,7/8/2020,7/8/2020,0.013714499,1,Harvey Lassiter
Michelle Bowers,Michelle.Bowers@email123.com,555341411,52,Female,Retail,Bobby Rubbert,0.055589465,2/5/2020,2/5/2020,0.055589465,1,Harvey Lassiter
Sharon Obrien,Sharon.Obrien@email123.com,555775731,46,Female,Business,Bobby Rubbert,0.163608684,8/27/2019,2/17/2021,0.023372669,3,Harvey Lassiter
Angelica Miranda,Angelica.Miranda@email123.com,555740533,58,Female,Business,Bobby Rubbert,0.019529454,9/6/2019,9/7/2020,0.002169939,8,Harvey Lassiter
Stephanie Bush,Stephanie.Bush@email123.com,555329930,28,Female,Business,Bobby Rubbert,0.027298377,12/7/2020,1/28/2021,0.005459675,4,Harvey Lassiter
Sandra Patterson,Sandra.Patterson@email123.com,555398170,27,Female,Business,Bobby Rubbert,0.122946187,6/11/2018,10/9/2020,0.061473093,8,Harvey Lassiter
Molly Rhodes,Molly.Rhodes@email123.com,555543872,19,Female,Business,Bobby Rubbert,0.000862545,3/27/2021,3/31/2021,0.000086254,3,Harvey Lassiter
Catherine Shepherd,Catherine.Shepherd@email123.com,555142163,25,Female,Business,Bobby Rubbert,0.644885676,1/30/2021,1/30/2021,0.644885676,1,Harvey Lassiter
Shelley Hudson,Shelley.Hudson@email123.com,555119238,36,Female,Software,Bobby Rubbert,0.20136658,10/6/2018,10/6/2018,0.20136658,1,Harvey Lassiter
Lisa Yang,Lisa.Yang@email123.com,555687125,38,Female,Software,Bobby Rubbert,0.341906756,1/1/2018,1/13/2021,0.042738345,10,Harvey Lassiter
Patricia Jones,Patricia.Jones@email123.com,555315203,30,Female,Business,Bobby Rubbert,0.118237963,4/29/2019,1/13/2020,0.019706327,5,Harvey Lassiter
Sherry Booth,Sherry.Booth@email123.com,555151667,24,Female,Retail,Bobby Rubbert,0.02958975,3/25/2021,3/31/2021,0.00328775,3,Harvey Lassiter
Briana Ross,Briana.Ross@email123.com,555588465,28,Female,Education,Bobby Rubbert,0.195468307,6/6/2019,7/24/2020,0.039093661,6,Harvey Lassiter
Jennifer Reed,Jennifer.Reed@email123.com,555904981,21,Female,Education,Bobby Rubbert,0.242002054,4/7/2019,9/18/2020,0.060500513,6,Harvey Lassiter
Anna Brown,Anna.Brown@email123.com,555957004,30,Female,Business,Bobby Rubbert,0.011572371,10/3/2020,3/15/2021,0.001157237,8,Harvey Lassiter
Makayla Bond,Makayla.Bond@email123.com,555905289,18,Female,Business,Bobby Rubbert,0.389035039,10/7/2020,10/7/2020,0.389035039,1,Harvey Lassiter
Amy Jordan,Amy.Jordan@email123.com,555548122,34,Female,Retail,Bobby Rubbert,0.007022496,10/20/2018,10/20/2018,0.007022496,1,Harvey Lassiter
Megan Buckley,Megan.Buckley@email123.com,555922697,24,Female,Business,Bobby Rubbert,0.055802818,5/18/2019,5/18/2019,0.055802818,1,Harvey Lassiter
Jennifer Werner,Jennifer.Werner@email123.com,555838512,44,Female,Business,Bobby Rubbert,0.017097695,5/9/2018,5/9/2018,0.017097695,1,Harvey Lassiter
Kathryn Hill,Kathryn.Hill@email123.com,555716212,31,Female,Retail,Bobby Rubbert,0.380426206,5/7/2020,2/16/2021,0.042269578,3,Harvey Lassiter
Lauren Hutchinson,Lauren.Hutchinson@email123.com,555992267,37,Female,Software,Bobby Rubbert,2.172435883,2/22/2019,7/12/2019,0.310347983,14,Harvey Lassiter
Tony Silva,Tony.Silva@email123.com,555556896,50,Male,Manufacturing,Bobby Rubbert,0.042443093,7/8/2018,2/11/2019,0.008488619,2,Harvey Lassiter
James Cruz,James.Cruz@email123.com,555215410,21,Male,Manufacturing,Bobby Rubbert,0.128592972,4/7/2019,12/12/2020,0.032148243,2,Harvey Lassiter
Travis Crane,Travis.Crane@email123.com,555490824,56,Male,Business,Bobby Rubbert,0.090138416,3/9/2019,3/9/2019,0.090138416,1,Harvey Lassiter
William Brown,William.Brown@email123.com,555114944,44,Male,Business,Bobby Rubbert,0.094669992,11/6/2020,11/6/2020,0.094669992,1,Harvey Lassiter
Robert Gonzalez,Robert.Gonzalez@email123.com,555718278,45,Male,Business,Bobby Rubbert,1.647897753,11/14/2020,11/14/2020,1.647897753,1,Harvey Lassiter
Jason Gordon,Jason.Gordon@email123.com,555648708,40,Male,Software,Bobby Rubbert,0.25088009,12/13/2019,12/22/2019,0.035840013,8,Harvey Lassiter
Kenneth Bowman,Kenneth.Bowman@email123.com,555331771,42,Male,Business,Bobby Rubbert,0.012132721,4/19/2020,3/30/2021,0.00202212,5,Harvey Lassiter
James Nolan,James.Nolan@email123.com,555348987,30,Male,Business,Bobby Rubbert,0.244063284,10/2/2019,12/14/2020,0.034866183,3,Harvey Lassiter
David Brown,David.Brown@email123.com,555315802,42,Male,Business,Bobby Rubbert,0.165917459,10/10/2018,11/10/2019,0.01659175,7,Harvey Lassiter
Joshua Kelly,Joshua.Kelly@email123.com,555791958,28,Male,Business,Bobby Rubbert,0.384296955,3/14/2020,2/23/2021,0.076859391,3,Harvey Lassiter
Thomas Yates,Thomas.Yates@email123.com,555599568,21,Male,Software,Bobby Rubbert,0.370488612,7/17/2018,9/6/2020,0.041165401,2,Harvey Lassiter
Michael Villarreal,Michael.Villarreal@email123.com,555416797,22,Male,Business,Bobby Rubbert,1.080400939,3/24/2020,8/14/2020,0.216080188,6,Harvey Lassiter
Eric Taylor,Eric.Taylor@email123.com,555314836,25,Male,Business,Bobby Rubbert,0.377353841,9/29/2019,9/29/2019,0.377353841,1,Harvey Lassiter
Kevin Juarez,Kevin.Juarez@email123.com,555476089,48,Male,Retail,Bobby Rubbert,0.152414054,9/24/2020,9/24/2020,0.152414054,1,Harvey Lassiter
Bruce Martinez,Bruce.Martinez@email123.com,555564015,48,Male,Business,Bobby Rubbert,0.131952455,1/8/2020,5/17/2020,0.043984152,4,Harvey Lassiter
Matthew Cox,Matthew.Cox@email123.com,555877925,35,Male,Software,Bobby Rubbert,0.045401213,12/17/2019,4/14/2020,0.006485888,6,Harvey Lassiter
Aaron Horton,Aaron.Horton@email123.com,555722661,34,Male,Business,Bobby Rubbert,0.053600388,11/18/2018,8/5/2020,0.007657198,8,Harvey Lassiter
Brandon Jones DVM,Brandon.Jones.DVM@email123.com,555511921,34,Male,Business,Bobby Rubbert,0.177322431,1/29/2021,3/15/2021,0.019702492,4,Harvey Lassiter
Brandon Thompson,Brandon.Thompson@email123.com,555183093,42,Male,Business,Bobby Rubbert,0.350550825,6/12/2018,7/19/2020,0.116850275,3,Harvey Lassiter
Brandon Walker,Brandon.Walker@email123.com,555376561,30,Male,Education,Bobby Rubbert,0.195450565,9/27/2019,6/21/2020,0.027921509,3,Harvey Lassiter
Eric Charles,Eric.Charles@email123.com,555520994,20,Male,Business,Bobby Rubbert,0.005939749,9/12/2019,7/3/2020,0.001979916,2,Harvey Lassiter
Corey Rogers,Corey.Rogers@email123.com,555416656,26,Male,Business,Bobby Rubbert,0.040820893,2/29/2020,2/29/2020,0.040820893,1,Harvey Lassiter
Kristina Elliott,Kristina.Elliott@email123.com,555113016,20,Female,Business,Chuck Akister,0.363636151,5/6/2020,2/19/2021,0.07272723,3,Marie Linsley
Judith Berger,Judith.Berger@email123.com,555181111,19,Female,Business,Chuck Akister,0.201227973,10/24/2018,5/28/2019,0.028746853,4,Marie Linsley
Laura Valdez,Laura.Valdez@email123.com,555505419,29,Female,Education,Chuck Akister,1.367659427,9/14/2018,9/14/2018,1.367659427,1,Marie Linsley
Teresa Roberts,Teresa.Roberts@email123.com,555696156,20,Female,Business,Chuck Akister,0.194753487,4/20/2019,3/16/2021,0.021639276,7,Marie Linsley
Heather Morrow,Heather.Morrow@email123.com,555138526,59,Female,Business,Chuck Akister,0.058018588,4/16/2019,8/31/2019,0.011603718,2,Marie Linsley
Karen Hernandez,Karen.Hernandez@email123.com,555935923,31,Female,Education,Chuck Akister,0.061397463,3/26/2018,1/1/2021,0.020465821,5,Marie Linsley
Patricia Moyer,Patricia.Moyer@email123.com,555448276,33,Female,Business,Chuck Akister,1.539590862,3/29/2018,10/5/2020,0.384897716,4,Marie Linsley
Anthony Thompson,Anthony.Thompson@email123.com,555387577,19,Male,Business,Chuck Akister,0.506346866,8/21/2020,10/23/2020,0.168782289,4,Marie Linsley
Jimmy Bowen,Jimmy.Bowen@email123.com,555916755,57,Male,Manufacturing,Chuck Akister,0.080231579,12/1/2019,1/31/2021,0.010028947,2,Marie Linsley
Robert Taylor,Robert.Taylor@email123.com,555553598,44,Male,Software,Chuck Akister,0.117613232,6/12/2019,12/19/2019,0.058806616,7,Marie Linsley
Joseph Reese,Joseph.Reese@email123.com,555832514,18,Male,Retail,Chuck Akister,0.160911119,12/23/2020,2/17/2021,0.04022778,4,Marie Linsley
Zachary Collins,Zachary.Collins@email123.com,555146248,31,Male,Manufacturing,Chuck Akister,0.053973791,2/19/2018,2/8/2021,0.010794758,2,Marie Linsley
Phillip Brady,Phillip.Brady@email123.com,555744441,40,Male,Software,Chuck Akister,0.253742854,11/2/2019,3/20/2021,0.031717857,5,Marie Linsley
Kevin Fitzgerald,Kevin.Fitzgerald@email123.com,555927448,18,Male,Manufacturing,Chuck Akister,0.401511394,10/31/2018,2/19/2019,0.133837131,3,Marie Linsley
Terry Wilson,Terry.Wilson@email123.com,555988169,37,Male,Business,Chuck Akister,0.089242517,4/14/2018,4/15/2020,0.017848503,4,Marie Linsley
Jason Massey,Jason.Massey@email123.com,555212963,37,Male,Business,Chuck Akister,0.561710687,2/19/2020,12/21/2020,0.112342137,5,Marie Linsley
David Bernard,David.Bernard@email123.com,555812889,39,Male,Software,Chuck Akister,0.722766332,10/7/2019,4/8/2020,0.08030737,10,Marie Linsley
Devin Short,Devin.Short@email123.com,555729680,23,Male,Software,Chuck Akister,0.572254635,12/18/2019,3/27/2020,0.114450927,9,Marie Linsley
Crystal Hill,Crystal.Hill@email123.com,555513395,21,Female,Business,Clement Swinnerton,0.295337625,7/7/2019,7/29/2019,0.059067525,6,Marie Linsley
Megan Ortiz,Megan.Ortiz@email123.com,555634479,42,Female,Manufacturing,Clement Swinnerton,0.019890029,10/14/2020,1/16/2021,0.002210003,2,Marie Linsley
Ana Kirk,Ana.Kirk@email123.com,555748355,37,Female,Retail,Clement Swinnerton,0.10220826,1/17/2018,12/8/2020,0.010220826,4,Marie Linsley
Donna Mcdowell,Donna.Mcdowell@email123.com,555714039,37,Female,Manufacturing,Clement Swinnerton,0.049087486,8/26/2018,5/2/2019,0.004908749,2,Marie Linsley
Anna Aguilar,Anna.Aguilar@email123.com,555374403,20,Female,Manufacturing,Clement Swinnerton,0.069234923,1/23/2020,9/29/2020,0.009890703,2,Marie Linsley
Alexandria Smith,Alexandria.Smith@email123.com,555220118,27,Female,Retail,Clement Swinnerton,0.099218241,11/2/2019,2/4/2020,0.009921824,4,Marie Linsley
Chloe Castillo,Chloe.Castillo@email123.com,555101894,22,Female,Manufacturing,Clement Swinnerton,0.032901604,11/23/2020,1/1/2021,0.016450802,2,Marie Linsley
Chloe Bradford,Chloe.Bradford@email123.com,555456008,31,Female,Manufacturing,Clement Swinnerton,0.021548951,1/21/2019,1/21/2019,0.021548951,1,Marie Linsley
Hannah Trevino,Hannah.Trevino@email123.com,555296495,50,Female,Business,Clement Swinnerton,0.321372322,9/18/2020,10/14/2020,0.032137232,12,Marie Linsley
Karen Medina,Karen.Medina@email123.com,555509070,26,Female,Education,Clement Swinnerton,0.568058952,9/29/2020,11/27/2020,0.189352984,4,Marie Linsley
Rebecca Smith,Rebecca.Smith@email123.com,555959119,23,Female,Retail,Clement Swinnerton,0.20842494,1/19/2019,5/26/2019,0.041684988,2,Marie Linsley
Courtney Thompson,Courtney.Thompson@email123.com,555943462,37,Female,Manufacturing,Clement Swinnerton,0.009251603,11/16/2018,11/16/2018,0.009251603,1,Marie Linsley
Ashley Myers,Ashley.Myers@email123.com,555615762,20,Female,Retail,Clement Swinnerton,0.093192537,10/11/2018,10/11/2018,0.093192537,1,Marie Linsley
Rebecca Summers,Rebecca.Summers@email123.com,555277448,63,Female,Manufacturing,Clement Swinnerton,0.00675699,7/20/2019,7/20/2019,0.00675699,1,Marie Linsley
Dorothy Moss,Dorothy.Moss@email123.com,555827100,22,Female,Manufacturing,Clement Swinnerton,0.106434932,12/5/2018,7/6/2019,0.010643493,3,Marie Linsley
Misty Campbell,Misty.Campbell@email123.com,555454964,55,Female,Manufacturing,Clement Swinnerton,0.029142834,2/21/2018,5/26/2020,0.009714278,3,Marie Linsley
Kiara Evans,Kiara.Evans@email123.com,555628172,22,Female,Manufacturing,Clement Swinnerton,0.41557049,7/21/2019,7/20/2020,0.059367213,3,Marie Linsley
Felicia Young,Felicia.Young@email123.com,555399779,50,Female,Manufacturing,Clement Swinnerton,0.036242792,12/27/2020,2/27/2021,0.007248558,3,Marie Linsley
Sandra Singh,Sandra.Singh@email123.com,555986302,29,Female,Education,Clement Swinnerton,1.132491805,2/1/2021,2/5/2021,0.188748634,7,Marie Linsley
Donna Carter,Donna.Carter@email123.com,555922813,19,Female,Manufacturing,Clement Swinnerton,0.300042744,6/5/2020,6/5/2020,0.300042744,1,Marie Linsley
David Carter,David.Carter@email123.com,555295350,31,Male,Software,Clement Swinnerton,0.02992161,3/18/2019,10/4/2019,0.004274516,9,Marie Linsley
Alexander Farmer,Alexander.Farmer@email123.com,555381885,34,Male,Business,Clement Swinnerton,0.853940481,4/20/2019,4/20/2019,0.85394048,1,Marie Linsley
Jordan Mccall,Jordan.Mccall@email123.com,555220443,38,Male,Software,Clement Swinnerton,0.108825235,1/20/2020,8/7/2020,0.01209169,4,Marie Linsley
William Sanford,William.Sanford@email123.com,555590594,51,Male,Manufacturing,Clement Swinnerton,0.014449242,6/24/2018,5/19/2020,0.001444924,2,Marie Linsley
Antonio Middleton,Antonio.Middleton@email123.com,555725464,19,Male,Software,Clement Swinnerton,0.349227518,3/25/2020,3/31/2021,0.174613759,9,Marie Linsley
William Pittman,William.Pittman@email123.com,555439972,19,Male,Manufacturing,Clement Swinnerton,0.121288108,9/18/2018,7/14/2020,0.040429369,2,Marie Linsley
Michael Wall,Michael.Wall@email123.com,555204913,46,Male,Manufacturing,Clement Swinnerton,0.517418363,1/17/2021,3/30/2021,0.172472788,3,Marie Linsley
Chad Gill,Chad.Gill@email123.com,555512546,18,Male,Manufacturing,Clement Swinnerton,0.813251526,5/6/2019,5/6/2019,0.813251526,1,Marie Linsley
Christopher Williams,Christopher.Williams@email123.com,555378460,48,Male,Retail,Clement Swinnerton,0.444747175,6/8/2018,6/8/2018,0.444747175,1,Marie Linsley
Robert Tran,Robert.Tran@email123.com,555396555,18,Male,Manufacturing,Clement Swinnerton,1.864830732,6/9/2019,6/9/2019,1.864830732,1,Marie Linsley
Edwin Henderson,Edwin.Henderson@email123.com,555345886,24,Male,Software,Clement Swinnerton,0.291314059,5/27/2018,5/27/2018,0.291314059,1,Marie Linsley
Stephen Mclean,Stephen.Mclean@email123.com,555859518,47,Male,Business,Clement Swinnerton,0.133351202,8/28/2018,12/11/2020,0.066675601,6,Marie Linsley
Tyler Villarreal,Tyler.Villarreal@email123.com,555654425,24,Male,Manufacturing,Clement Swinnerton,0.033014882,4/29/2020,12/21/2020,0.016507441,2,Marie Linsley
Robert Reynolds,Robert.Reynolds@email123.com,555604628,21,Male,Retail,Clement Swinnerton,0.038654117,10/11/2020,10/26/2020,0.012884706,3,Marie Linsley
David Simmons,David.Simmons@email123.com,555730840,62,Male,Manufacturing,Clement Swinnerton,0.013937441,4/5/2018,4/5/2018,0.013937441,1,Marie Linsley
Anthony Perez,Anthony.Perez@email123.com,555293160,47,Male,Business,Clement Swinnerton,1.186698248,5/27/2018,10/22/2019,0.23733965,9,Marie Linsley
Paul Smith,Paul.Smith@email123.com,555815880,34,Male,Software,Clement Swinnerton,0.49032834,1/24/2020,8/27/2020,0.049032834,8,Marie Linsley
Nathan Small,Nathan.Small@email123.com,555690869,21,Male,Software,Clement Swinnerton,0.249172618,2/28/2021,3/13/2021,0.031146577,2,Marie Linsley
Matthew Le,Matthew.Le@email123.com,555938956,60,Male,Software,Clement Swinnerton,0.077521389,2/15/2018,7/13/2018,0.025840463,6,Marie Linsley
Charles Gardner,Charles.Gardner@email123.com,555988958,49,Male,Software,Clement Swinnerton,0.017931129,1/27/2018,8/22/2018,0.005977043,7,Marie Linsley
Michael Clark,Michael.Clark@email123.com,555793272,54,Male,Software,Clement Swinnerton,0.125416391,8/13/2020,1/6/2021,0.031354098,2,Marie Linsley
Douglas Hernandez,Douglas.Hernandez@email123.com,555168039,61,Male,Business,Clement Swinnerton,0.062074146,3/3/2019,3/19/2020,0.020691382,8,Marie Linsley
Jeffrey Lucas,Jeffrey.Lucas@email123.com,555690136,29,Male,Software,Clement Swinnerton,0.159452831,1/25/2019,2/19/2021,0.022778976,5,Marie Linsley
Debra Thomas,Debra.Thomas@email123.com,555861238,44,Female,Education,Cory Rides,0.058290738,3/12/2018,2/9/2019,0.008327248,3,Olga Bradley
Carol Miller,Carol.Miller@email123.com,555378924,63,Female,Business,Cory Rides,0.017003178,5/27/2018,5/27/2018,0.017003178,1,Olga Bradley
Katherine Harper,Katherine.Harper@email123.com,555739654,39,Female,Software,Cory Rides,0.122125574,1/29/2019,3/2/2021,0.04070852,4,Olga Bradley
Lauren Lopez,Lauren.Lopez@email123.com,555721177,33,Female,Manufacturing,Cory Rides,0.005271604,12/9/2020,3/2/2021,0.000585734,2,Olga Bradley
Michelle Gomez,Michelle.Gomez@email123.com,555438644,32,Female,Education,Cory Rides,0.046518321,5/28/2020,5/28/2020,0.046518321,1,Olga Bradley
Terri Williams,Terri.Williams@email123.com,555889269,19,Female,Manufacturing,Cory Rides,0.162779677,3/31/2018,3/31/2018,0.162779677,1,Olga Bradley
Nicholas Nixon,Nicholas.Nixon@email123.com,555234106,62,Male,Retail,Cory Rides,0.062687943,4/1/2018,5/4/2020,0.007835993,2,Olga Bradley
Mark Stone,Mark.Stone@email123.com,555530338,24,Male,Retail,Cory Rides,0.094398587,9/19/2018,1/17/2020,0.023599647,2,Olga Bradley
James Barton,James.Barton@email123.com,555638756,28,Male,Education,Cory Rides,0.422570137,3/28/2021,3/28/2021,0.084514027,2,Olga Bradley
Matthew Curry,Matthew.Curry@email123.com,555927731,45,Male,Software,Cory Rides,0.275843756,7/26/2020,8/15/2020,0.03448047,6,Olga Bradley
Matthew Daniel,Matthew.Daniel@email123.com,555367811,42,Male,Software,Cory Rides,0.106076917,9/27/2018,6/13/2019,0.05303846,3,Olga Bradley
Robert Smith,Robert.Smith@email123.com,555669941,30,Male,Retail,Cory Rides,0.113566886,12/10/2019,12/9/2020,0.056783443,4,Olga Bradley
Jeffrey Schultz,Jeffrey.Schultz@email123.com,555673218,48,Male,Software,Cory Rides,0.091712871,11/24/2018,11/25/2018,0.018342574,4,Olga Bradley
Mark Newman,Mark.Newman@email123.com,555612615,61,Male,Business,Cory Rides,0.075728608,8/25/2020,1/7/2021,0.009466076,4,Olga Bradley
John Lewis,John.Lewis@email123.com,555556705,55,Male,Education,Cory Rides,0.209260015,7/24/2019,12/23/2019,0.041852003,6,Olga Bradley
Aaron Hart,Aaron.Hart@email123.com,555714907,62,Male,Software,Cory Rides,0.318181217,3/18/2020,9/18/2020,0.106060406,3,Olga Bradley
William Reid,William.Reid@email123.com,555753117,21,Male,Software,Cory Rides,0.56230905,3/2/2021,3/7/2021,0.080329864,2,Olga Bradley
Scott Martinez,Scott.Martinez@email123.com,555555586,35,Male,Education,Cory Rides,0.451638981,8/31/2019,12/29/2020,0.050182109,2,Olga Bradley
William Johnson,William.Johnson@email123.com,555311032,29,Male,Education,Cory Rides,0.194911254,6/24/2019,12/5/2019,0.09745563,6,Olga Bradley
Terri Simmons,Terri.Simmons@email123.com,555671358,35,Female,Manufacturing,Emily Bestman,0.003204917,10/24/2020,11/15/2020,0.000457845,2,Olga Bradley
Leslie Diaz,Leslie.Diaz@email123.com,555160591,18,Female,Software,Emily Bestman,0.590248653,1/1/2019,1/1/2019,0.590248653,1,Olga Bradley
Misty Herring,Misty.Herring@email123.com,555402623,29,Female,Business,Emily Bestman,0.318187104,1/17/2019,1/17/2019,0.318187104,1,Olga Bradley
Christy Villa,Christy.Villa@email123.com,555213069,44,Female,Manufacturing,Emily Bestman,0.169094853,5/18/2018,5/18/2018,0.169094853,1,Olga Bradley
Margaret Flores,Margaret.Flores@email123.com,555800562,62,Female,Business,Emily Bestman,0.059670981,10/25/2018,5/3/2020,0.014917745,8,Olga Bradley
Jodi Lopez,Jodi.Lopez@email123.com,555362602,24,Female,Education,Emily Bestman,0.030716865,3/22/2018,7/23/2018,0.007679216,2,Olga Bradley
Tonya Ponce,Tonya.Ponce@email123.com,555816461,21,Female,Software,Emily Bestman,0.013588647,2/17/2020,1/18/2021,0.002264775,9,Olga Bradley
Beth Contreras,Beth.Contreras@email123.com,555645742,22,Female,Retail,Emily Bestman,0.024892267,1/22/2018,12/6/2019,0.012446133,4,Olga Bradley
Tracey Allen,Tracey.Allen@email123.com,555521499,41,Female,Business,Emily Bestman,0.176634804,3/8/2020,3/8/2020,0.176634804,1,Olga Bradley
April Turner,April.Turner@email123.com,555391943,27,Female,Manufacturing,Emily Bestman,0.186055761,5/2/2020,5/2/2020,0.186055761,1,Olga Bradley
Willie Harvey,Willie.Harvey@email123.com,555464818,34,Male,Retail,Emily Bestman,0.017822523,9/30/2020,3/24/2021,0.001782252,3,Olga Bradley
Michael Douglas,Michael.Douglas@email123.com,555519562,47,Male,Manufacturing,Emily Bestman,0.076814454,3/13/2019,3/13/2020,0.038407227,2,Olga Bradley
Joshua Santos,Joshua.Santos@email123.com,555256822,50,Male,Education,Emily Bestman,0.102005639,4/11/2020,8/15/2020,0.010200564,5,Olga Bradley
Daniel Thompson,Daniel.Thompson@email123.com,555469628,22,Male,Software,Emily Bestman,0.238922568,6/12/2019,10/16/2020,0.034131795,5,Olga Bradley
Aaron Harris,Aaron.Harris@email123.com,555697950,32,Male,Education,Emily Bestman,0.251312401,2/22/2020,2/22/2020,0.251312401,1,Olga Bradley
Christian Wolf,Christian.Wolf@email123.com,555979027,33,Male,Business,Emily Bestman,0.442945362,4/7/2020,9/22/2020,0.05536817,6,Olga Bradley
Billy Mullins,Billy.Mullins@email123.com,555450223,48,Male,Manufacturing,Emily Bestman,0.018498161,11/6/2018,9/27/2019,0.002642594,2,Olga Bradley
Mark Clark,Mark.Clark@email123.com,555367226,27,Male,Manufacturing,Emily Bestman,0.071089386,8/28/2020,3/23/2021,0.023696462,2,Olga Bradley
Ryan Lewis,Ryan.Lewis@email123.com,555652167,22,Male,Education,Emily Bestman,0.197219461,6/12/2020,11/10/2020,0.021913273,5,Olga Bradley
Daniel Perez,Daniel.Perez@email123.com,555516787,48,Male,Retail,Emily Bestman,0.496566715,11/24/2019,2/18/2020,0.070938102,6,Olga Bradley
Nicholas Morales,Nicholas.Morales@email123.com,555227467,32,Male,Business,Emily Bestman,0.441307885,8/16/2018,12/28/2020,0.049034209,4,Olga Bradley
Andrew Hughes,Andrew.Hughes@email123.com,555621851,46,Male,Software,Emily Bestman,0.049511748,11/25/2020,12/27/2020,0.00990235,2,Olga Bradley
Scott Thompson,Scott.Thompson@email123.com,555652448,41,Male,Software,Emily Bestman,0.589859302,8/1/2020,11/19/2020,0.196619767,5,Olga Bradley
Patrick Garcia,Patrick.Garcia@email123.com,555339010,21,Male,Business,Emily Bestman,1.071838114,7/13/2019,1/11/2021,0.107183811,6,Olga Bradley
Brandon Sanchez,Brandon.Sanchez@email123.com,555514331,28,Male,Education,Emily Bestman,0.065812443,3/19/2018,9/8/2020,0.02193748,2,Olga Bradley
Alicia Roth,Alicia.Roth@email123.com,555874222,35,Female,Software,Evan Richen,0.136556462,10/31/2019,10/11/2020,0.027311292,7,Harvey Lassiter
Danielle Wagner,Danielle.Wagner@email123.com,555271554,31,Female,Education,Evan Richen,0.245238418,12/26/2018,9/27/2020,0.030654802,5,Harvey Lassiter
Beth Andrews,Beth.Andrews@email123.com,555864511,22,Female,Education,Evan Richen,0.223156548,1/1/2020,1/28/2021,0.037192758,5,Harvey Lassiter
Cheryl Morris,Cheryl.Morris@email123.com,555958265,24,Female,Education,Evan Richen,0.159738004,7/5/2019,10/15/2019,0.022819715,6,Harvey Lassiter
Glenda Goodman,Glenda.Goodman@email123.com,555311101,30,Female,Education,Evan Richen,0.299524586,11/10/2020,1/9/2021,0.03328051,4,Harvey Lassiter
Jessica Jensen,Jessica.Jensen@email123.com,555246279,24,Female,Education,Evan Richen,1.178716273,6/14/2018,11/14/2019,0.294679068,9,Harvey Lassiter
Holly Smith,Holly.Smith@email123.com,555281228,26,Female,Education,Evan Richen,0.199263731,10/29/2019,5/9/2020,0.066421244,4,Harvey Lassiter
Heidi Martin,Heidi.Martin@email123.com,555623336,22,Female,Education,Evan Richen,0.1211382,12/12/2018,3/15/2020,0.01211382,6,Harvey Lassiter
Krista Young,Krista.Young@email123.com,555814590,40,Female,Education,Evan Richen,0.907534,8/3/2019,3/9/2021,0.2268835,5,Harvey Lassiter
Jessica Miller,Jessica.Miller@email123.com,555225298,25,Female,Business,Evan Richen,0.014468797,2/22/2020,12/17/2020,0.00160764,5,Harvey Lassiter
Madison Zavala,Madison.Zavala@email123.com,555378588,48,Female,Retail,Evan Richen,0.063198419,11/19/2018,4/6/2020,0.007022047,4,Harvey Lassiter
Jessica Riley,Jessica.Riley@email123.com,555519014,30,Female,Education,Evan Richen,0.061068564,10/11/2018,4/11/2020,0.020356188,5,Harvey Lassiter
Cynthia Jones,Cynthia.Jones@email123.com,555952922,65,Female,Manufacturing,Evan Richen,0.003777671,11/22/2019,11/22/2019,0.003777671,1,Harvey Lassiter
Victoria Lowery,Victoria.Lowery@email123.com,555716352,60,Female,Retail,Evan Richen,0.120728727,6/10/2018,4/12/2019,0.024145745,3,Harvey Lassiter
Laura Jacobs,Laura.Jacobs@email123.com,555434885,49,Female,Education,Evan Richen,0.50233448,3/12/2019,4/14/2019,0.055814942,6,Harvey Lassiter
Rachel Dyer,Rachel.Dyer@email123.com,555826792,30,Female,Education,Evan Richen,0.051034944,11/15/2019,11/15/2019,0.051034944,1,Harvey Lassiter
Michael Ortiz,Michael.Ortiz@email123.com,555293883,33,Male,Education,Evan Richen,0.077644301,11/15/2018,2/25/2019,0.01552886,2,Harvey Lassiter
Bradley Day,Bradley.Day@email123.com,555224044,35,Male,Software,Evan Richen,0.121404124,11/25/2018,5/22/2019,0.015175516,8,Harvey Lassiter
Matthew Thompson,Matthew.Thompson@email123.com,555379739,30,Male,Retail,Evan Richen,0.008382628,7/16/2020,11/11/2020,0.000838263,2,Harvey Lassiter
Darin Mcdonald,Darin.Mcdonald@email123.com,555884681,31,Male,Education,Evan Richen,0.382845805,6/16/2020,7/16/2020,0.038284581,2,Harvey Lassiter
Bryan Carter,Bryan.Carter@email123.com,555104287,29,Male,Education,Evan Richen,0.422227605,4/10/2019,3/2/2021,0.2111138,4,Harvey Lassiter
Adam Wilkinson,Adam.Wilkinson@email123.com,555437153,24,Male,Business,Evan Richen,0.319372803,4/21/2019,7/2/2020,0.035485867,6,Harvey Lassiter
Matthew Taylor,Matthew.Taylor@email123.com,555796223,18,Male,Manufacturing,Evan Richen,0.181557735,4/28/2020,1/11/2021,0.018155774,2,Harvey Lassiter
Brian Sanchez,Brian.Sanchez@email123.com,555358375,23,Male,Education,Evan Richen,0.168541725,7/9/2019,12/5/2019,0.042135431,5,Harvey Lassiter
Jerry Nolan,Jerry.Nolan@email123.com,555461480,39,Male,Education,Evan Richen,0.070125929,5/16/2018,5/16/2018,0.070125929,1,Harvey Lassiter
Garrett Johnson,Garrett.Johnson@email123.com,555542523,37,Male,Software,Evan Richen,0.064545765,2/16/2021,2/27/2021,0.021515255,10,Harvey Lassiter
Tristan Avery,Tristan.Avery@email123.com,555928061,60,Male,Software,Evan Richen,0.199462389,7/27/2020,3/19/2021,0.022162488,6,Harvey Lassiter
Christopher Holmes,Christopher.Holmes@email123.com,555726180,43,Male,Business,Evan Richen,0.140768508,7/26/2018,1/26/2020,0.015640945,4,Harvey Lassiter
John Galloway,John.Galloway@email123.com,555967550,49,Male,Education,Evan Richen,0.075092403,9/19/2018,7/18/2019,0.018773101,3,Harvey Lassiter
Steven Buchanan,Steven.Buchanan@email123.com,555323960,63,Male,Software,Evan Richen,0.094436098,9/7/2018,2/25/2020,0.013490871,3,Harvey Lassiter
Jeffery Barnes,Jeffery.Barnes@email123.com,555711495,33,Male,Business,Evan Richen,0.179556985,2/6/2018,7/24/2020,0.029926164,6,Harvey Lassiter
Andrew Miller,Andrew.Miller@email123.com,555498938,39,Male,Business,Evan Richen,0.18733668,1/21/2020,12/1/2020,0.023417085,3,Harvey Lassiter
Christopher Davis,Christopher.Davis@email123.com,555353236,34,Male,Education,Evan Richen,0.089896114,5/26/2019,1/23/2021,0.009988457,6,Harvey Lassiter
Barry Sandoval,Barry.Sandoval@email123.com,555819550,30,Male,Education,Evan Richen,0.13465768,2/4/2020,1/7/2021,0.044885893,2,Harvey Lassiter
Tyler Rodriguez,Tyler.Rodriguez@email123.com,555263155,23,Male,Software,Evan Richen,0.401824073,9/16/2018,9/23/2020,0.04464712,2,Harvey Lassiter
Donna Price,Donna.Price@email123.com,555384779,62,Female,Software,Felita Cauldwell,0.048987547,11/13/2018,4/2/2019,0.004898755,9,Alex Ignatyev
Mary Sanders,Mary.Sanders@email123.com,555824473,24,Female,Software,Felita Cauldwell,0.056844862,4/17/2020,10/2/2020,0.011368972,10,Alex Ignatyev
Katherine Gamble,Katherine.Gamble@email123.com,555425689,25,Female,Business,Felita Cauldwell,0.448645964,9/4/2019,2/14/2021,0.074774327,2,Alex Ignatyev
Sarah Perry,Sarah.Perry@email123.com,555465649,28,Female,Education,Felita Cauldwell,0.170834069,10/27/2020,11/1/2020,0.042708517,4,Alex Ignatyev
Rachel Hughes,Rachel.Hughes@email123.com,555231285,60,Female,Software,Felita Cauldwell,0.083280167,3/4/2018,3/4/2018,0.083280167,1,Alex Ignatyev
Crystal Brown,Crystal.Brown@email123.com,555274943,43,Female,Software,Felita Cauldwell,0.127825044,10/23/2020,11/2/2020,0.063912522,3,Alex Ignatyev
Tina Price,Tina.Price@email123.com,555849017,27,Female,Software,Felita Cauldwell,0.140598665,6/25/2019,6/24/2020,0.028119733,10,Alex Ignatyev
Shirley Nichols,Shirley.Nichols@email123.com,555504207,53,Female,Software,Felita Cauldwell,0.090971833,5/25/2019,10/14/2019,0.045485917,2,Alex Ignatyev
Sydney Smith,Sydney.Smith@email123.com,555795448,63,Female,Software,Felita Cauldwell,0.081181383,4/21/2020,11/17/2020,0.027060461,4,Alex Ignatyev
Shannon Hoffman,Shannon.Hoffman@email123.com,555264273,35,Female,Retail,Felita Cauldwell,0.07961277,10/14/2018,9/15/2020,0.013268795,4,Alex Ignatyev
Deanna Gonzalez,Deanna.Gonzalez@email123.com,555999937,25,Female,Business,Felita Cauldwell,0.615499268,7/27/2018,7/27/2018,0.615499268,1,Alex Ignatyev
Cindy Dunn,Cindy.Dunn@email123.com,555779243,50,Female,Manufacturing,Felita Cauldwell,0.084428864,2/5/2020,2/5/2020,0.084428864,1,Alex Ignatyev
Jacob Cook Jr.,Jacob.Cook.Jr.@email123.com,555889654,18,Male,Software,Felita Cauldwell,0.213952124,4/1/2019,10/8/2019,0.023772458,7,Alex Ignatyev
Donald Wagner,Donald.Wagner@email123.com,555988768,26,Male,Software,Felita Cauldwell,0.399562629,7/9/2018,12/26/2019,0.03995626,3,Alex Ignatyev
Russell Jones,Russell.Jones@email123.com,555405456,42,Male,Software,Felita Cauldwell,0.334969948,11/23/2020,2/24/2021,0.16748497,2,Alex Ignatyev
Scott Ayala,Scott.Ayala@email123.com,555876118,30,Male,Business,Felita Cauldwell,0.197884084,9/4/2020,1/31/2021,0.019788408,7,Alex Ignatyev
Richard Stein,Richard.Stein@email123.com,555372072,23,Male,Retail,Felita Cauldwell,0.133610787,3/18/2021,3/18/2021,0.022268464,3,Alex Ignatyev
Christopher Robertson,Christopher.Robertson@email123.com,555286519,22,Male,Business,Felita Cauldwell,0.160428401,6/21/2018,12/14/2020,0.017825378,6,Alex Ignatyev
Bruce Alvarado,Bruce.Alvarado@email123.com,555974100,59,Male,Manufacturing,Felita Cauldwell,0.047536866,3/18/2019,10/28/2019,0.004753687,2,Alex Ignatyev
George Bowers,George.Bowers@email123.com,555194689,31,Male,Retail,Felita Cauldwell,0.138234585,6/3/2018,9/28/2020,0.069117292,2,Alex Ignatyev
Jeremy Adkins,Jeremy.Adkins@email123.com,555446870,30,Male,Education,Felita Cauldwell,0.230861298,8/25/2019,8/25/2019,0.230861298,1,Alex Ignatyev
Vincent Ryan,Vincent.Ryan@email123.com,555774614,27,Male,Software,Felita Cauldwell,0.464863025,6/28/2018,6/28/2018,0.464863025,1,Alex Ignatyev
Douglas Peck,Douglas.Peck@email123.com,555179739,41,Male,Software,Felita Cauldwell,0.80968624,1/16/2018,2/2/2021,0.080968624,8,Alex Ignatyev
Kenneth Wright,Kenneth.Wright@email123.com,555301623,40,Male,Education,Felita Cauldwell,1.794004962,5/5/2020,1/24/2021,0.44850124,6,Alex Ignatyev
Ronald Brown,Ronald.Brown@email123.com,555529912,26,Male,Education,Felita Cauldwell,0.285199864,10/13/2019,10/13/2019,0.285199864,1,Alex Ignatyev
Rick Chandler,Rick.Chandler@email123.com,555849193,28,Male,Software,Felita Cauldwell,0.724979023,10/16/2018,10/16/2018,0.724979023,1,Alex Ignatyev
Sean Walsh,Sean.Walsh@email123.com,555594489,19,Male,Retail,Felita Cauldwell,0.246969565,11/22/2019,6/4/2020,0.030871196,2,Alex Ignatyev
Danny Turner,Danny.Turner@email123.com,555349126,41,Male,Software,Felita Cauldwell,0.16488163,12/23/2019,5/22/2020,0.016488163,8,Alex Ignatyev
Timothy Long,Timothy.Long@email123.com,555362203,41,Male,Software,Felita Cauldwell,0.287310727,2/26/2019,3/8/2019,0.143655364,4,Alex Ignatyev
Kyle Baker,Kyle.Baker@email123.com,555181410,32,Male,Software,Felita Cauldwell,0.255380193,11/6/2018,11/6/2018,0.255380193,1,Alex Ignatyev
Richard Barber,Richard.Barber@email123.com,555554931,44,Male,Software,Felita Cauldwell,3.897544155,5/12/2020,5/12/2020,3.897544155,1,Alex Ignatyev
Taylor Burton,Taylor.Burton@email123.com,555442436,40,Male,Software,Felita Cauldwell,2.751439201,9/8/2020,9/8/2020,2.751439201,1,Alex Ignatyev
Thomas Reynolds,Thomas.Reynolds@email123.com,555891365,18,Male,Software,Felita Cauldwell,1.610720285,2/1/2019,5/29/2019,0.805360143,7,Alex Ignatyev
Jacob Saunders II,Jacob.Saunders.II@email123.com,555488136,44,Male,Software,Felita Cauldwell,0.346773924,6/17/2019,11/22/2019,0.086693481,5,Alex Ignatyev
John Smith,John.Smith@email123.com,555128077,56,Male,Software,Felita Cauldwell,0.201586508,12/6/2019,6/10/2020,0.022398501,5,Alex Ignatyev
Richard Phelps,Richard.Phelps@email123.com,555806630,61,Male,Software,Felita Cauldwell,0.325431005,12/1/2019,11/12/2020,0.046490144,8,Alex Ignatyev
Leonard Bradford,Leonard.Bradford@email123.com,555151339,57,Male,Software,Felita Cauldwell,0.452775031,5/16/2019,1/27/2020,0.050308337,8,Alex Ignatyev
Patrick Davis,Patrick.Davis@email123.com,555611752,34,Male,Software,Felita Cauldwell,0.047082936,2/18/2018,10/20/2020,0.023541468,3,Alex Ignatyev
Nathan Williams,Nathan.Williams@email123.com,555593086,28,Male,Software,Felita Cauldwell,0.30137629,1/4/2018,3/13/2019,0.030137629,3,Alex Ignatyev
Michael Morris,Michael.Morris@email123.com,555663729,36,Male,Software,Felita Cauldwell,0.188981971,2/27/2021,3/4/2021,0.026997424,9,Alex Ignatyev
James Graham,James.Graham@email123.com,555806722,31,Male,Software,Felita Cauldwell,0.949180967,1/9/2020,10/19/2020,0.135597281,10,Alex Ignatyev
Shawn Sampson,Shawn.Sampson@email123.com,555319692,39,Male,Software,Felita Cauldwell,0.027725042,2/27/2021,2/27/2021,0.027725042,1,Alex Ignatyev
Krystal Huang,Krystal.Huang@email123.com,555697475,36,Female,Retail,Jamil Shortt,0.019820027,10/5/2019,12/8/2019,0.003964005,4,Alex Ignatyev
Rachel Wilson,Rachel.Wilson@email123.com,555246585,43,Female,Retail,Jamil Shortt,0.148914819,11/24/2020,2/14/2021,0.016546091,6,Alex Ignatyev
Ann Collier,Ann.Collier@email123.com,555906477,44,Female,Software,Jamil Shortt,1.718161133,5/20/2018,12/16/2018,0.171816113,7,Alex Ignatyev
Brianna Higgins,Brianna.Higgins@email123.com,555692249,37,Female,Software,Jamil Shortt,0.027725042,2/27/2021,3/1/2021,0.01386252,6,Alex Ignatyev
Crystal Donovan,Crystal.Donovan@email123.com,555788166,45,Female,Software,Jamil Shortt,0.194320509,5/20/2020,12/31/2020,0.027760073,7,Alex Ignatyev
Rebecca Simon,Rebecca.Simon@email123.com,555700962,65,Female,Business,Jamil Shortt,0.059255246,10/20/2019,3/18/2020,0.019751749,7,Alex Ignatyev
Lindsay Lyons,Lindsay.Lyons@email123.com,555218851,38,Female,Manufacturing,Jamil Shortt,0.055322371,8/15/2018,10/9/2019,0.007903196,2,Alex Ignatyev
Adam Brown,Adam.Brown@email123.com,555333925,24,Male,Business,Jamil Shortt,0.526911041,1/14/2019,9/4/2019,0.26345552,4,Alex Ignatyev
David Newton,David.Newton@email123.com,555861612,58,Male,Business,Jamil Shortt,0.132713508,3/12/2019,8/31/2020,0.022118918,2,Alex Ignatyev
Timothy Brown,Timothy.Brown@email123.com,555872542,45,Male,Software,Jamil Shortt,0.351216827,4/7/2020,7/31/2020,0.058536138,10,Alex Ignatyev
Timothy Murray Jr.,Timothy.Murray.Jr.@email123.com,555600469,31,Male,Software,Jamil Shortt,0.590006632,12/18/2019,11/7/2020,0.073750829,5,Alex Ignatyev
Daniel Baker,Daniel.Baker@email123.com,555889111,36,Male,Software,Jamil Shortt,0.865991942,8/19/2019,11/8/2019,0.14433199,13,Alex Ignatyev
Michael Gutierrez,Michael.Gutierrez@email123.com,555759166,18,Male,Software,Jamil Shortt,1.664194268,2/10/2020,5/12/2020,0.208024283,8,Alex Ignatyev
Adam Roberts,Adam.Roberts@email123.com,555755774,32,Male,Business,Jamil Shortt,0.463797794,2/24/2018,4/15/2019,0.154599265,4,Alex Ignatyev
Wendy Cardenas,Wendy.Cardenas@email123.com,555519016,37,Female,Retail,Jaynell Braddock,0.029158106,9/21/2019,10/20/2019,0.004165444,2,Marie Linsley
Kendra Mathews,Kendra.Mathews@email123.com,555838681,45,Female,Education,Jaynell Braddock,0.014682755,5/17/2019,10/22/2019,0.001468276,4,Olga Bradley
Jackie Hall,Jackie.Hall@email123.com,555175615,27,Female,Retail,Jaynell Braddock,0.015533176,11/6/2018,1/23/2019,0.002219025,2,Olga Bradley
Christine Hamilton,Christine.Hamilton@email123.com,555223787,49,Female,Retail,Jaynell Braddock,0.032227855,4/13/2019,5/13/2020,0.003580873,6,Olga Bradley
Tiffany Moore,Tiffany.Moore@email123.com,555394292,39,Female,Retail,Jaynell Braddock,0.026891858,6/5/2018,8/10/2020,0.003841694,4,Olga Bradley
Natalie Webster,Natalie.Webster@email123.com,555725461,39,Female,Retail,Jaynell Braddock,0.571329632,11/19/2020,11/20/2020,0.081618519,3,Olga Bradley
Yolanda Weaver,Yolanda.Weaver@email123.com,555805391,35,Female,Retail,Jaynell Braddock,0.111488106,5/28/2018,12/10/2020,0.027872027,2,Olga Bradley
Alexandria Pugh,Alexandria.Pugh@email123.com,555589708,24,Female,Retail,Jaynell Braddock,0.048229621,6/16/2019,8/14/2019,0.006028703,4,Olga Bradley
Brittany Payne,Brittany.Payne@email123.com,555141958,47,Female,Software,Jaynell Braddock,0.00296619,10/23/2018,10/2/2020,0.001483095,5,Olga Bradley
Michelle Harrington,Michelle.Harrington@email123.com,555112779,28,Female,Retail,Jaynell Braddock,0.071312626,8/3/2020,2/18/2021,0.008914078,4,Olga Bradley
Jody Moore,Jody.Moore@email123.com,555246016,37,Female,Software,Jaynell Braddock,0.301004953,8/29/2019,8/29/2019,0.301004953,1,Olga Bradley
Elizabeth Wiley,Elizabeth.Wiley@email123.com,555507005,21,Female,Software,Jaynell Braddock,0.298205396,2/14/2021,2/19/2021,0.037275674,7,Olga Bradley
Julie Rowland,Julie.Rowland@email123.com,555751716,40,Female,Software,Jaynell Braddock,0.011073866,4/13/2020,9/18/2020,0.001107387,11,Olga Bradley
Michael Harris,Michael.Harris@email123.com,555153473,35,Male,Software,Jaynell Braddock,0.252497277,3/9/2018,7/14/2018,0.08416576,5,Olga Bradley
Marvin Dominguez,Marvin.Dominguez@email123.com,555337460,39,Male,Retail,Jaynell Braddock,0.066387287,7/7/2018,12/1/2018,0.008298411,4,Olga Bradley
Brad Barker,Brad.Barker@email123.com,555343093,29,Male,Retail,Jaynell Braddock,0.089457851,5/12/2019,8/25/2019,0.008945785,4,Olga Bradley
Robert Garner,Robert.Garner@email123.com,555948785,32,Male,Manufacturing,Jaynell Braddock,0.117859532,6/26/2019,7/6/2020,0.029464883,2,Olga Bradley
James Williams,James.Williams@email123.com,555400465,27,Male,Retail,Jaynell Braddock,0.261124016,1/3/2020,5/2/2020,0.02901378,4,Olga Bradley
Jacob Estrada,Jacob.Estrada@email123.com,555873739,29,Male,Retail,Jaynell Braddock,0.3973137,3/25/2018,2/22/2021,0.0567591,4,Olga Bradley
Stephen Lee,Stephen.Lee@email123.com,555530593,61,Male,Retail,Jaynell Braddock,0.05821363,12/4/2018,12/4/2018,0.05821363,1,Olga Bradley
Alan Fry,Alan.Fry@email123.com,555782381,29,Male,Retail,Jaynell Braddock,0.035135868,5/25/2018,5/25/2018,0.035135868,1,Olga Bradley
Sean Gordon,Sean.Gordon@email123.com,555165405,21,Male,Software,Jaynell Braddock,1.547144444,11/6/2019,2/25/2020,0.257857407,12,Olga Bradley
Thomas Hernandez,Thomas.Hernandez@email123.com,555478478,19,Male,Retail,Jaynell Braddock,0.335416013,5/16/2018,4/1/2019,0.041927002,4,Olga Bradley
Derek Clements,Derek.Clements@email123.com,555889458,41,Male,Software,Jaynell Braddock,0.291314059,5/27/2018,3/1/2021,0.07282851,9,Olga Bradley
Bruce Reilly,Bruce.Reilly@email123.com,555324411,58,Male,Business,Jaynell Braddock,0.244353997,3/30/2019,3/30/2019,0.244353997,1,Olga Bradley
Richard Powell,Richard.Powell@email123.com,555725014,45,Male,Software,Jaynell Braddock,0.059089266,1/12/2021,2/15/2021,0.009848211,3,Olga Bradley
Jacob Hall,Jacob.Hall@email123.com,555987963,23,Male,Software,Jaynell Braddock,0.99184686,2/3/2019,8/21/2019,0.33061562,7,Olga Bradley
Trevor Green,Trevor.Green@email123.com,555194775,65,Male,Software,Jaynell Braddock,0.159035469,1/17/2018,2/15/2020,0.026505912,10,Olga Bradley
Ryan Barnes,Ryan.Barnes@email123.com,555503459,33,Male,Business,Jaynell Braddock,0.124588816,2/14/2021,2/20/2021,0.015573602,5,Olga Bradley
Jordan Reed,Jordan.Reed@email123.com,555574845,18,Male,Software,Jaynell Braddock,0.184862769,9/14/2018,3/13/2021,0.026408967,8,Olga Bradley
Kristina Glass,Kristina.Glass@email123.com,555672772,23,Female,Business,Kori Orrick,0.116615932,1/25/2019,2/13/2019,0.029153983,5,Olga Bradley
Marissa Nunez,Marissa.Nunez@email123.com,555274466,39,Female,Manufacturing,Kori Orrick,0.023581601,2/18/2020,6/13/2020,0.0029477,3,Olga Bradley
Kristen Robertson,Kristen.Robertson@email123.com,555893435,50,Female,Retail,Kori Orrick,0.038618382,11/29/2020,12/11/2020,0.004827298,2,Olga Bradley
Darren Williams,Darren.Williams@email123.com,555338295,24,Male,Business,Kori Orrick,0.252428793,8/11/2019,3/28/2021,0.05048576,6,Olga Bradley
Robert Perez,Robert.Perez@email123.com,555540968,29,Male,Software,Kori Orrick,0.20136658,10/6/2018,10/6/2018,0.20136658,1,Olga Bradley
Christopher Snow,Christopher.Snow@email123.com,555320001,20,Male,Education,Kori Orrick,0.304594943,9/16/2020,12/17/2020,0.050765824,4,Olga Bradley
Joshua Powell,Joshua.Powell@email123.com,555103416,59,Male,Software,Kori Orrick,0.078389533,6/21/2020,3/27/2021,0.039194766,10,Olga Bradley
Alec Harrell,Alec.Harrell@email123.com,555141462,31,Male,Retail,Kori Orrick,0.143596126,4/24/2020,12/11/2020,0.047865375,3,Olga Bradley
Joel Neal,Joel.Neal@email123.com,555823188,20,Male,Manufacturing,Kori Orrick,0.082803185,6/2/2020,3/6/2021,0.011829026,2,Olga Bradley
Ricky Medina,Ricky.Medina@email123.com,555258866,18,Male,Software,Kori Orrick,0.509456404,8/18/2020,9/13/2020,0.169818801,7,Olga Bradley
Melvin Hall,Melvin.Hall@email123.com,555177084,60,Male,Business,Kori Orrick,0.246660562,4/23/2019,4/23/2019,0.246660562,1,Olga Bradley
Christopher Aguilar,Christopher.Aguilar@email123.com,555507620,49,Male,Business,Kori Orrick,1.241685795,1/3/2021,1/11/2021,0.206947633,7,Olga Bradley
Tyrone Ingram,Tyrone.Ingram@email123.com,555697589,65,Male,Manufacturing,Kori Orrick,0.055156597,1/25/2021,3/5/2021,0.00551566,2,Olga Bradley
Bryan Hill,Bryan.Hill@email123.com,555365926,29,Male,Business,Kori Orrick,0.219032895,4/8/2018,11/16/2019,0.02190329,8,Olga Bradley
Peter Smith,Peter.Smith@email123.com,555497000,44,Male,Business,Kori Orrick,0.4034047,4/1/2019,4/1/2019,0.4034047,1,Olga Bradley
Corey Owens,Corey.Owens@email123.com,555149254,56,Male,Business,Kori Orrick,0.267951139,2/21/2021,3/5/2021,0.089317046,3,Olga Bradley
Derrick Hudson MD,Derrick.Hudson.MD@email123.com,555587991,30,Male,Business,Kori Orrick,0.318302342,5/8/2018,5/14/2019,0.079575586,2,Olga Bradley
James Smith,James.Smith@email123.com,555800194,39,Male,Software,Kori Orrick,0.132098201,1/29/2021,3/15/2021,0.01320982,5,Olga Bradley
John Snyder,John.Snyder@email123.com,555466848,22,Male,Software,Kori Orrick,0.483380921,12/30/2020,1/23/2021,0.080563487,7,Olga Bradley
Christina Payne,Christina.Payne@email123.com,555356907,27,Female,Education,Luke Hendrik,0.003603491,8/18/2018,9/6/2018,0.000720698,6,Marie Linsley
Alyssa Ramirez,Alyssa.Ramirez@email123.com,555438173,34,Female,Education,Luke Hendrik,0.072709455,3/13/2019,3/13/2019,0.072709455,1,Olga Bradley
Amy Shah,Amy.Shah@email123.com,555266570,37,Female,Retail,Luke Hendrik,0.060542271,12/31/2020,12/31/2020,0.060542271,1,Olga Bradley
Dawn Moreno,Dawn.Moreno@email123.com,555362318,34,Female,Retail,Luke Hendrik,0.876279149,7/30/2019,7/30/2019,0.876279149,1,Harvey Lassiter
Ashley Dickson,Ashley.Dickson@email123.com,555976285,34,Female,Software,Luke Hendrik,0.34980803,6/14/2019,6/14/2019,0.34980803,1,Harvey Lassiter
Rebecca Ford,Rebecca.Ford@email123.com,555167952,18,Female,Business,Luke Hendrik,0.142834015,7/9/2020,10/19/2020,0.071417007,5,Harvey Lassiter
Ashley Davis,Ashley.Davis@email123.com,555174829,62,Female,Business,Luke Hendrik,0.105850785,8/8/2020,1/13/2021,0.026462696,4,Harvey Lassiter
Jodi Baker,Jodi.Baker@email123.com,555954997,19,Female,Software,Luke Hendrik,0.081286794,2/16/2020,6/7/2020,0.040643397,8,Gustavo Castro
Cheryl Valencia,Cheryl.Valencia@email123.com,555222039,51,Female,Education,Luke Hendrik,0.102708245,5/11/2018,2/7/2021,0.012838531,6,Gustavo Castro
Michael Spence,Michael.Spence@email123.com,555521311,27,Male,Software,Luke Hendrik,0.239546661,1/8/2018,4/20/2020,0.03422095,6,Fatima Muir
Matthew Wood,Matthew.Wood@email123.com,555264850,18,Male,Software,Luke Hendrik,0.291314059,5/27/2018,5/27/2018,0.291314059,1,Fatima Muir
Douglas Knapp,Douglas.Knapp@email123.com,555953930,23,Male,Manufacturing,Luke Hendrik,0.198153412,12/5/2019,12/16/2019,0.039630682,2,Fatima Muir
Kevin White,Kevin.White@email123.com,555584895,64,Male,Business,Luke Hendrik,0.056111658,2/12/2019,4/10/2019,0.007013957,6,Alex Ignatyev
Spencer Cook,Spencer.Cook@email123.com,555954008,30,Male,Education,Luke Hendrik,0.065676743,5/9/2018,10/29/2020,0.009382392,6,Alex Ignatyev
Jeremy Collins,Jeremy.Collins@email123.com,555164357,29,Male,Retail,Luke Hendrik,0.315499275,3/26/2019,6/5/2020,0.063099855,4,Alex Ignatyev
Jerry Conner,Jerry.Conner@email123.com,555420233,33,Male,Retail,Luke Hendrik,0.047337613,1/12/2020,1/12/2020,0.047337613,1,Marie Linsley
Todd Murray,Todd.Murray@email123.com,555317339,49,Male,Business,Luke Hendrik,0.24889877,4/20/2019,7/27/2020,0.024889877,8,Marie Linsley
Donald Morgan,Donald.Morgan@email123.com,555618713,31,Male,Business,Luke Hendrik,0.477052379,5/22/2020,9/21/2020,0.06815034,3,Marie Linsley
Steven Black,Steven.Black@email123.com,555348189,22,Male,Manufacturing,Luke Hendrik,0.008184435,5/10/2020,7/19/2020,0.001169205,2,Marie Linsley
Vincent Davis,Vincent.Davis@email123.com,555343646,48,Male,Software,Luke Hendrik,0.14632799,11/11/2019,6/16/2020,0.073163995,2,Marie Linsley
Mark Black,Mark.Black@email123.com,555332653,27,Male,Education,Luke Hendrik,0.391875551,1/3/2020,1/4/2020,0.130625184,5,Marie Linsley
Sean Barnes,Sean.Barnes@email123.com,555671771,33,Male,Software,Luke Hendrik,0.20136658,10/6/2018,12/30/2018,0.02876665,2,Marie Linsley
Ashley Parker,Ashley.Parker@email123.com,555246350,38,Female,Retail,Nicole Fellona,0.020226646,11/21/2018,3/18/2019,0.010113323,2,Gustavo Castro
Madeline Stone,Madeline.Stone@email123.com,555721560,44,Female,Business,Nicole Fellona,0.070024987,1/20/2018,3/31/2018,0.017506247,2,Gustavo Castro
Nicole Brewer,Nicole.Brewer@email123.com,555721114,18,Female,Education,Nicole Fellona,0.15751246,4/25/2019,9/3/2020,0.031502492,3,Gustavo Castro
Maria Collins,Maria.Collins@email123.com,555562607,26,Female,Manufacturing,Nicole Fellona,0.036781499,4/10/2020,4/20/2020,0.004597687,2,Gustavo Castro
Mary Mack,Mary.Mack@email123.com,555439903,20,Female,Business,Nicole Fellona,0.110773242,8/23/2020,12/21/2020,0.018462207,4,Gustavo Castro
Rebecca Mendoza,Rebecca.Mendoza@email123.com,555774577,62,Female,Education,Nicole Fellona,0.095103004,11/26/2018,11/26/2018,0.095103004,1,Gustavo Castro
Ms. Cynthia Wright DVM,Ms..Cynthia.Wright.DVM@email123.com,555207219,34,Female,Retail,Nicole Fellona,0.735781376,4/28/2020,4/28/2020,0.735781376,1,Gustavo Castro
Colleen Kirby,Colleen.Kirby@email123.com,555414184,30,Female,Education,Nicole Fellona,0.360365069,8/23/2018,5/1/2020,0.03603651,6,Gustavo Castro
Jennifer Harmon,Jennifer.Harmon@email123.com,555140525,41,Female,Business,Nicole Fellona,0.698987216,6/28/2019,6/28/2019,0.698987216,1,Gustavo Castro
Amanda Rodriguez,Amanda.Rodriguez@email123.com,555963560,42,Female,Software,Nicole Fellona,0.089948105,3/30/2020,7/10/2020,0.022487026,8,Gustavo Castro
Christina Schwartz,Christina.Schwartz@email123.com,555141777,53,Female,Education,Nicole Fellona,0.048646521,7/10/2019,6/24/2020,0.02432326,6,Gustavo Castro
Rhonda Black,Rhonda.Black@email123.com,555395055,32,Female,Business,Nicole Fellona,0.04702573,1/22/2019,10/5/2020,0.006717961,6,Gustavo Castro
Alexis Lewis,Alexis.Lewis@email123.com,555767499,30,Female,Manufacturing,Nicole Fellona,0.030655899,11/12/2018,4/11/2019,0.005109316,2,Gustavo Castro
Melanie Jackson PhD,Melanie.Jackson.PhD@email123.com,555389882,24,Female,Education,Nicole Fellona,0.03558818,3/20/2021,3/20/2021,0.011862727,4,Gustavo Castro
Stephanie Michael,Stephanie.Michael@email123.com,555201040,38,Female,Manufacturing,Nicole Fellona,0.022858869,3/27/2021,3/27/2021,0.022858869,1,Gustavo Castro
Dan Leonard,Dan.Leonard@email123.com,555521748,49,Male,Education,Nicole Fellona,0.336932447,7/4/2018,12/8/2019,0.042116556,3,Gustavo Castro
Corey Price,Corey.Price@email123.com,555856427,48,Male,Education,Nicole Fellona,0.047139459,10/28/2019,10/28/2019,0.047139459,1,Gustavo Castro
Nicholas Williams,Nicholas.Williams@email123.com,555765143,25,Male,Education,Nicole Fellona,0.385849091,5/27/2018,5/27/2018,0.385849091,1,Gustavo Castro
Ernest Golden,Ernest.Golden@email123.com,555575551,42,Male,Retail,Nicole Fellona,0.56278374,12/8/2020,3/14/2021,0.28139187,4,Gustavo Castro
Shawn Lee,Shawn.Lee@email123.com,555757238,50,Male,Retail,Nicole Fellona,0.06117319,10/31/2018,6/13/2020,0.010195532,3,Gustavo Castro
Jesse Lewis,Jesse.Lewis@email123.com,555476077,40,Male,Software,Nicole Fellona,0.019705367,9/2/2020,1/9/2021,0.00656846,10,Gustavo Castro
Kevin Webb,Kevin.Webb@email123.com,555851695,21,Male,Education,Nicole Fellona,0.100860248,6/15/2018,8/31/2019,0.014408607,2,Gustavo Castro
Samuel Barnes,Samuel.Barnes@email123.com,555711968,21,Male,Retail,Nicole Fellona,0.078243156,9/18/2018,9/18/2018,0.078243156,1,Gustavo Castro
Benjamin Robinson,Benjamin.Robinson@email123.com,555334893,24,Male,Software,Nicole Fellona,0.267341914,8/15/2019,5/30/2020,0.029704657,2,Gustavo Castro
Robert Brown,Robert.Brown@email123.com,555898189,31,Male,Education,Nicole Fellona,0.218664749,8/29/2018,3/27/2020,0.027333094,3,Gustavo Castro
Jonathan Torres,Jonathan.Torres@email123.com,555382011,37,Male,Software,Nicole Fellona,0.52730969,7/15/2018,11/27/2020,0.263654845,7,Gustavo Castro
Andrew Garza,Andrew.Garza@email123.com,555259047,43,Male,Software,Nicole Fellona,0.519584118,4/9/2019,1/3/2020,0.103916824,7,Gustavo Castro
Emily Cruz,Emily.Cruz@email123.com,555431753,24,Female,Software,Susan Pim,1.419805553,12/18/2020,12/18/2020,0.709902777,10,Gustavo Castro
Doris Neal,Doris.Neal@email123.com,555403370,23,Female,Education,Susan Pim,0.287247664,1/11/2020,9/2/2020,0.143623832,6,Gustavo Castro
Kristine Odonnell,Kristine.Odonnell@email123.com,555296498,49,Female,Retail,Susan Pim,0.000671829,9/23/2019,8/4/2020,7.46E-05,4,Gustavo Castro
Brittney Lester DVM,Brittney.Lester.DVM@email123.com,555639266,23,Female,Retail,Susan Pim,0.209700063,5/25/2018,7/28/2020,0.041940013,2,Gustavo Castro
Natalie Simpson,Natalie.Simpson@email123.com,555744946,47,Female,Education,Susan Pim,0.291698834,1/11/2020,5/6/2020,0.041671262,5,Gustavo Castro
Benjamin Hoffman,Benjamin.Hoffman@email123.com,555775944,30,Male,Education,Susan Pim,0.058450061,10/24/2018,12/19/2018,0.00835001,3,Gustavo Castro
Jeffrey Ellis,Jeffrey.Ellis@email123.com,555956417,61,Male,Manufacturing,Susan Pim,0.008822075,8/24/2019,5/28/2020,0.004411037,2,Gustavo Castro
Vincent Riley,Vincent.Riley@email123.com,555600074,53,Male,Education,Susan Pim,0.028115458,8/30/2020,1/5/2021,0.007028865,3,Gustavo Castro
Christopher Rice,Christopher.Rice@email123.com,555369478,25,Male,Manufacturing,Susan Pim,0.059639924,10/18/2020,12/27/2020,0.005963992,2,Gustavo Castro
Richard Oconnor,Richard.Oconnor@email123.com,555493378,32,Male,Manufacturing,Susan Pim,0.629095431,10/13/2018,10/13/2018,0.629095431,1,Gustavo Castro
Joseph Barber,Joseph.Barber@email123.com,555858803,27,Male,Business,Susan Pim,0.323119641,5/21/2018,8/10/2018,0.04615995,4,Gustavo Castro
John Wu,John.Wu@email123.com,555498729,31,Male,Manufacturing,Susan Pim,0.137472832,2/23/2019,11/20/2019,0.017184104,2,Gustavo Castro
Kerry Ramos,Kerry.Ramos@email123.com,555705013,38,Male,Manufacturing,Susan Pim,0.005507988,3/5/2019,5/17/2019,0.000917998,2,Gustavo Castro
John Greer,John.Greer@email123.com,555904504,35,Male,Business,Susan Pim,1.670797443,9/1/2019,3/5/2021,0.417699361,3,Gustavo Castro
Kyle Molina,Kyle.Molina@email123.com,555483674,46,Male,Business,Susan Pim,0.017060395,4/12/2019,6/27/2019,0.005686798,8,Gustavo Castro
Robert Berger,Robert.Berger@email123.com,555570959,41,Male,Education,Susan Pim,0.698065772,1/27/2018,1/27/2018,0.698065772,1,Gustavo Castro
Charles Wilson,Charles.Wilson@email123.com,555526456,56,Male,Business,Susan Pim,0.025944145,4/4/2019,11/12/2020,0.005188829,3,Gustavo Castro
William Walker,William.Walker@email123.com,555803576,63,Male,Business,Susan Pim,0.068658713,7/8/2018,7/6/2019,0.017164678,3,Gustavo Castro
Chad Murillo,Chad.Murillo@email123.com,555217668,47,Male,Education,Susan Pim,0.039513735,2/18/2021,2/18/2021,0.007902747,4,Gustavo Castro
Kyle Campbell,Kyle.Campbell@email123.com,555125729,48,Male,Software,Susan Pim,0.105965803,10/17/2019,3/30/2021,0.013245725,8,Gustavo Castro
Matthew Newman,Matthew.Newman@email123.com,555395212,26,Male,Business,Susan Pim,0.108592006,3/10/2021,3/22/2021,0.054296,6,Gustavo Castro
Amanda Kent,Amanda.Kent@email123.com,555529467,44,Female,Education,Winonah Stubbin,0.006037521,4/1/2018,4/21/2019,0.000670836,5,Olga Bradley
Mary Mills,Mary.Mills@email123.com,555636568,48,Female,Manufacturing,Winonah Stubbin,0.014352451,5/14/2020,5/14/2020,0.014352451,1,Olga Bradley
Emily Sanchez,Emily.Sanchez@email123.com,555205481,24,Female,Software,Winonah Stubbin,0.089081095,1/24/2020,2/6/2021,0.012725871,10,Olga Bradley
Bruce Robinson,Bruce.Robinson@email123.com,555163477,30,Male,Education,Winonah Stubbin,0.007278788,8/13/2018,5/20/2020,0.001455758,6,Olga Bradley
Anthony Martinez,Anthony.Martinez@email123.com,555232321,22,Male,Education,Winonah Stubbin,0.679753932,11/14/2020,11/14/2020,0.679753932,1,Olga Bradley
Jason Kirby,Jason.Kirby@email123.com,555815885,44,Male,Education,Winonah Stubbin,0.205413263,9/14/2018,3/19/2020,0.068471088,4,Olga Bradley
Jonathan Castro,Jonathan.Castro@email123.com,555443849,18,Male,Software,Winonah Stubbin,0.0244905,3/14/2018,8/22/2019,0.0081635,3,Olga Bradley
Darius Guerrero,Darius.Guerrero@email123.com,555513227,65,Male,Education,Winonah Stubbin,0.105545013,9/9/2020,2/25/2021,0.015077859,9,Olga Bradley
Keith Green,Keith.Green@email123.com,555736316,46,Male,Education,Winonah Stubbin,0.049983093,10/20/2019,3/31/2020,0.024991547,5,Olga Bradley
John Roberts,John.Roberts@email123.com,555641403,35,Male,Business,Winonah Stubbin,2.159315908,5/28/2019,5/29/2020,0.269914489,6,Olga Bradley
James Brown,James.Brown@email123.com,555310332,23,Male,Business,Winonah Stubbin,0.807102915,3/19/2020,7/15/2020,0.201775729,6,Olga Bradley
Jack Miller,Jack.Miller@email123.com,555492798,23,Male,Software,Winonah Stubbin,0.362463603,3/16/2021,3/29/2021,0.1812318,3,Olga Bradley
